{
    "_id" : ObjectId("5fd16aa0507675ec19c849ab"),
    "Title" : "Silence of the Lambs",
    "Description" : "A young FBI cadet must receive the help of an incarcerated and manipulative cannibal killer.",
    "Genre" : {
            "Name" : "Thriller",
            "Description" : "Thriller film, also known as suspense film or suspense thriller, is a broad film genre that involves excitement and suspense in the audience."
    },
    "Director" : {
            "Name" : "Jonathan Demme",
            "Bio" : "Robert Jonathan Demme was an American director, producer, and screenwriter.",
            "Birth" : "1944",
            "Death" : "2017"
    },
    "ImagePath" : "silenceofthelambs.png",
    "Featured" : true
}
{
    "_id" : ObjectId("5fd52b22eb9ca08ba7612c6a"),
    "Title" : "Silence of the Lambs",
    "Description" : "A young FBI cadet must receive the help of an incarcerated and manipulative cannibal killer to help catch another serial killer.",
    "Genre" : {
            "Name" : "Thriller",
            "Description" : "Thriller film, also known as suspense film or suspense thriller, is a broad film genre that involves excitement and suspense in the audience."
    },
    "Director" : {
            "Name" : "Jonathan Demme",
            "Bio" : "Robert Jonathan Demme was an American director, producer, and screenwriter.",
            "Birth" : "1944",
            "Death" : "2017"
    },
    "ImagePath" : "https://m.media-amazon.com/images/M/MV5BNjNhZTk0ZmEtNjJhMi00YzFlLWE1MmEtYzM1M2ZmMGMwMTU4XkEyXkFqcGdeQXVyNjU0OTQ0OTY@._V1_UX182_CR0,0,182,268_AL_.jpg",
    "Featured" : true
}
{
    "_id" : ObjectId("5fd52ca2eb9ca08ba7612c6b"),
    "Title" : "The Shawshank Redemption",
    "Description" : "Two imprisoned men bond over a number of years, finding solace and eventual redemption through acts of common decency.",
    "Genre" : {
            "Name" : "Drama",
            "Description" : "In film and television, drama is a category of narrative fiction (or semi-fiction) intended to be more serious than humorous in tone."
    },
    "Director" : {
            "Name" : " Frank Darabont",
            "Bio" : "Three-time Oscar nominee Frank Darabont was born in a refugee camp in 1959 in Montbeliard, France, the son of Hungarian parents who had fled Budapest during the failed 1956 Hungarian revolution. Brought to America as an infant, he settled with his family in Los Angeles and attended Hollywood High School.",
            "Birth" : "1959",
            "Death" : ""
    },
    "ImagePath" : "https://m.media-amazon.com/images/M/MV5BMDFkYTc0MGEtZmNhMC00ZDIzLWFmNTEtODM1ZmRlYWMwMWFmXkEyXkFqcGdeQXVyMTMxODk2OTU@._V1_UX182_CR0,0,182,268_AL_.jpg",
    "Featured" : true
}
{
    "_id" : ObjectId("5fd52e00eb9ca08ba7612c6c"),
    "Title" : "The Godfather",
    "Description" : "The aging patriarch of an organized crime dynasty transfers control of his clandestine empire to his reluctant son.",
    "Genre" : {
            "Name" : "Crime",
            "Description" : "Definition of the Crime Fiction Genre. Crime fiction is the genre of fiction that deals with crimes, their detection, criminals, and their motives."
    },
    "Director" : {
            "Name" : " Francis Ford Coppola",
            "Bio" : "Francis Ford Coppola was born in 1939 in Detroit, Michigan, but grew up in a New York suburb in a creative, supportive Italian-American family.",
            "Birth" : "1939",
            "Death" : ""
    },
    "ImagePath" : "https://m.media-amazon.com/images/M/MV5BM2MyNjYxNmUtYTAwNi00MTYxLWJmNWYtYzZlODY3ZTk3OTFlXkEyXkFqcGdeQXVyNzkwMjQ5NzM@._V1_UY268_CR3,0,182,268_AL_.jpg",
    "Featured" : true
}
{
    "_id" : ObjectId("5fd52ef5eb9ca08ba7612c6d"),
    "Title" : "The Dark Knight",
    "Description" : "When the menace known as the Joker wreaks havoc and chaos on the people of Gotham, Batman must accept one of the greatest psychological and physical tests of his ability to fight injustice.",
    "Genre" : {
            "Name" : "Action",
            "Description" : "Action film is a film genre in which the protagonist or protagonists are thrust into a series of events that typically include violence, extended fighting, physical feats, rescues and frantic chases."
    },
    "Director" : {
            "Name" : "Christopher Nolan",
            "Bio" : "Best known for his cerebral, often nonlinear, storytelling, acclaimed writer-director Christopher Nolan was born on July 30, 1970, in London, England. Over the course of 15 years of filmmaking, Nolan has gone from low-budget independent films to working on some of the biggest blockbusters ever made.",
            "Birth" : "1970",
            "Death" : ""
    },
    "ImagePath" : "https://m.media-amazon.com/images/M/MV5BMTMxNTMwODM0NF5BMl5BanBnXkFtZTcwODAyMTk2Mw@@._V1_UX182_CR0,0,182,268_AL_.jpg",
    "Featured" : true
}
{
    "_id" : ObjectId("5fd52fa1eb9ca08ba7612c6e"),
    "Title" : "Inception",
    "Description" : "A thief who steals corporate secrets through the use of dream-sharing technology is given the inverse task of planting an idea into the mind of a C.E.O.",
    "Genre" : {
            "Name" : "Action",
            "Description" : "Action film is a film genre in which the protagonist or protagonists are thrust into a series of events that typically include violence, extended fighting, physical feats, rescues and frantic chases."
    },
    "Director" : {
            "Name" : "Christopher Nolan",
            "Bio" : "Best known for his cerebral, often nonlinear, storytelling, acclaimed writer-director Christopher Nolan was born on July 30, 1970, in London, England. Over the course of 15 years of filmmaking, Nolan has gone from low-budget independent films to working on some of the biggest blockbusters ever made.",
            "Birth" : "1970",
            "Death" : ""
    },
    "ImagePath" : "https://m.media-amazon.com/images/M/MV5BMjAxMzY3NjcxNF5BMl5BanBnXkFtZTcwNTI5OTM0Mw@@._V1_UX182_CR0,0,182,268_AL_.jpg",
    "Featured" : true
}
{
    "_id" : ObjectId("5fd530d6eb9ca08ba7612c6f"),
    "Title" : "Forrest Gump",
    "Description" : "The presidencies of Kennedy and Johnson, the events of Vietnam, Watergate and other historical events unfold through the perspective of an Alabama man with an IQ of 75, whose only desire is to be reunited with his childhood sweetheart.",
    "Genre" : {
            "Name" : "Romance",
            "Description" : "Romance definition, a novel, movie, or genre of popular fiction in which characters fall in love or begin a romantic relationship (often used attributively): We knew it was a romance, so we were expecting a happy ending."
    },
    "Director" : {
            "Name" : "Robert Zemeckis",
            "Bio" : "A whiz-kid with special effects, Robert is from the Spielberg camp of film-making (Steven Spielberg produced many of his films). Usually working with writing partner Bob Gale.",
            "Birth" : "1951",
            "Death" : ""
    },
    "ImagePath" : "https://m.media-amazon.com/images/M/MV5BNWIwODRlZTUtY2U3ZS00Yzg1LWJhNzYtMmZiYmEyNmU1NjMzXkEyXkFqcGdeQXVyMTQxNzMzNDI@._V1_UY268_CR1,0,182,268_AL_.jpg",
    "Featured" : true
}
{
    "_id" : ObjectId("5fd531d2eb9ca08ba7612c70"),
    "Title" : "Back to the Future",
    "Description" : "Marty McFly, a 17-year-old high school student, is accidentally sent thirty years into the past in a time-traveling DeLorean invented by his close friend, the eccentric scientist Doc Brown.",
    "Genre" : {
            "Name" : "Adventure",
            "Description" : "Adventure films are a genre of film whose plots feature elements of travel. They typically involve protagonists who must leave their home or place of comfort and go to far away lands to fulfill a goal."
    },
    "Director" : {
            "Name" : "Robert Zemeckis",
            "Bio" : "A whiz-kid with special effects, Robert is from the Spielberg camp of film-making (Steven Spielberg produced many of his films). Usually working with writing partner Bob Gale.",
            "Birth" : "1951",
            "Death" : ""
    },
    "ImagePath" : "https://m.media-amazon.com/images/M/MV5BZmU0M2Y1OGUtZjIxNi00ZjBkLTg1MjgtOWIyNThiZWIwYjRiXkEyXkFqcGdeQXVyMTQxNzMzNDI@._V1_UX182_CR0,0,182,268_AL_.jpg",
    "Featured" : true
}
{
    "_id" : ObjectId("5fd55c23eb9ca08ba7612c76"),
    "Title" : "Gladiator",
    "Description" : "Action film is a film genre in which the protagonist or protagonists are thrust into a series of events that typically include violence, extended fighting, physical feats, rescues and frantic chases.",
    "Genre" : {
            "Name" : "Action",
            "Description" : "In film and television, drama is a category of narrative fiction (or semi-fiction) intended to be more serious than humorous in tone."
    },
    "Director" : {
            "Name" : "Ridley Scott",
            "Bio" : "Described by film producer Michael Deeley as 'the very best eye in the business', director Ridley Scott was born on November 30, 1937 in South Shields, Tyne and Wear (then County Durham).",
            "Birth" : "1937",
            "Death" : ""
    },
    "ImagePath" : "https://m.media-amazon.com/images/M/MV5BMDliMmNhNDEtODUyOS00MjNlLTgxODEtN2U3NzIxMGVkZTA1L2ltYWdlXkEyXkFqcGdeQXVyNjU0OTQ0OTY@._V1_UX182_CR0,0,182,268_AL_.jpg",
    "Featured" : true
}
{
    "_id" : ObjectId("5fd55eaceb9ca08ba7612c77"),
    "Title" : "Hamilton",
    "Description" : "The real life of one of America's foremost founding fathers and first Secretary of the Treasury, Alexander Hamilton. Captured live on Broadway from the Richard Rodgers Theater with the original Broadway cast.",
    "Genre" : {
            "Name" : "Drama",
            "Description" : "In film and television, drama is a category of narrative fiction (or semi-fiction) intended to be more serious than humorous in tone."
    },
    "Director" : {
            "Name" : "Thomas Kail",
            "Bio" : "Thomas Kail is a director and producer, known for FosseVerdon (2019) Hamilton (2020) and Grease Live! (2016).",
            "Birth" : "1978",
            "Death" : ""
    },
    "ImagePath" : "https://m.media-amazon.com/images/M/MV5BNjViNWRjYWEtZTI0NC00N2E3LTk0NGQtMjY4NTM3OGNkZjY0XkEyXkFqcGdeQXVyMjUxMTY3ODM@._V1_UX182_CR0,0,182,268_AL_.jpg",
    "Featured" : true
}
{
    "_id" : ObjectId("5fd55fafeb9ca08ba7612c78"),
    "Title" : "Oldboy",
    "Description" : "After being kidnapped and imprisoned for fifteen years, Oh Dae-Su is released, only to find that he must find his captor in five days.",
    "Genre" : {
            "Name" : "Drama",
            "Description" : "In film and television, drama is a category of narrative fiction (or semi-fiction) intended to be more serious than humorous in tone."
    },
    "Director" : {
            "Name" : "Chan-wook Park",
            "Bio" : "Chan-wook Park was born on August 23, 1963 in Seoul, South Korea. He is a producer and director, known for The Handmaiden (2016), Thirst (2009) and Oldboy (2003). He is married to Eun-hee Kim. They have one child.",
            "Birth" : "1963",
            "Death" : ""
    },
    "ImagePath" : "https://m.media-amazon.com/images/M/MV5BMTI3NTQyMzU5M15BMl5BanBnXkFtZTcwMTM2MjgyMQ@@._V1_UX182_CR0,0,182,268_AL_.jpg",
    "Featured" : true
}